name,color,size,price
Zeppa 3326,e4a677,35,76.00
Zeppa 3326,e4a677,36,76.00
Zeppa 3326,e4a677,37,76.00
Zeppa 3326,e4a677,38,76.00
Zeppa 3326,e4a677,39,76.00
Zeppa 3326,e4a677,40,76.00
Zeppa 3326,e4a677,41,76.00
Zeppa 3326,786153,35,76.00
Zeppa 3326,786153,36,76.00
Zeppa 3326,786153,37,76.00
Zeppa 3326,786153,38,76.00
Zeppa 3326,786153,39,76.00
Zeppa 3326,786153,40,76.00
Zeppa 3326,786153,41,76.00
Zeppa 102,e4a677,39,55.92
Zeppa 102,000000,39,55.92
Zeppa 102,ac8e83,39,55.92
Zeppa L3402,000000,41,59.92
Zeppa L3402,FFFFFF,41,59.92
Zeppa L3402,CD7F32,41,59.92
Zeppa 1610,FFFFFF,36,63.92
Zeppa 1610,FFFFFF,39,63.92
Zeppa 1610,000000,36,63.92
Zeppa 1610,000000,39,63.92
Zeppa 1610,eec4ab,36,63.92
Zeppa 1610,eec4ab,39,63.92
Zeppa 5700,FFFFFF,37,63.92
Zeppa 5700,FFFFFF,38,63.92
Zeppa 5700,FFFFFF,39,63.92
Zeppa 5700,FFFFFF,40,63.92
Zeppa 5700,FFFFFF,41,63.92
Zeppa 5700,000000,37,63.92
Zeppa 5700,000000,38,63.92
Zeppa 5700,000000,39,63.92
Zeppa 5700,000000,40,63.92
Zeppa 5700,000000,41,63.92
Zeppa 5700,ac8e83,37,63.92
Zeppa 5700,ac8e83,38,63.92
Zeppa 5700,ac8e83,39,63.92
Zeppa 5700,ac8e83,40,63.92
Zeppa 5700,ac8e83,41,63.92
Zeppa 5700,FFFFFF,35,63.92
Zeppa 5700,FFFFFF,36,63.92
Zeppa 5700,000000,35,63.92
Zeppa 5700,000000,36,63.92
Zeppa 5700,ac8e83,35,63.92
Zeppa 5700,ac8e83,36,63.92
Zeppa 100,FFFFFF,37,39.92
Zeppa 100,FFFFFF,38,39.92
Zeppa 100,FFFFFF,39,39.92
Zeppa 100,FFFFFF,40,39.92
Zeppa 100,000000,37,39.92
Zeppa 100,000000,38,39.92
Zeppa 100,000000,39,39.92
Zeppa 100,000000,40,39.92
Zeppa 100,fc0729,37,39.92
Zeppa 100,fc0729,38,39.92
Zeppa 100,fc0729,39,39.92
Zeppa 100,fc0729,40,39.92
Zeppa 100,FFFFFF,41,39.92
Zeppa 100,000000,41,39.92
Zeppa 100,fc0729,41,39.92
Zeppa 102,e4a677,37,55.92
Zeppa 102,e4a677,40,55.92
Zeppa 102,e4a677,41,55.92
Zeppa 102,000000,37,55.92
Zeppa 102,000000,40,55.92
Zeppa 102,000000,41,55.92
Zeppa 102,ac8e83,37,55.92
Zeppa 102,ac8e83,40,55.92
Zeppa 102,ac8e83,41,55.92
Zeppa 102,e4a677,35,55.92
Zeppa 102,000000,35,55.92
Zeppa 102,ac8e83,35,55.92
